Workbook

Sheet 01_상권요약
A1: 대전 상권 요약 (시 전체)
A2: 출처: 대전광역시 빅데이터포털 https://bigdata.daejeon.go.kr
A4: 지표 | B4: 값 | C4: 단위 | D4: 기준시점 | E4: 비고
A5: 소비동향 총 매출액 | B5: 12769.53 | C5: 억원 | D5: 2025년 12월 | E5: 전년동월 대비 0.00%
A6: 월별 평균 유동인구 | B6: 118867834 | C6: 명 | D6: 2025년 12월 | E6: 전년동월 대비 -3.27%
A7: 주요상권 매출액 | B7: 1444.25 | C7: 억원 | D7: 2025년 12월 | E7: 주요상권 한정
A8: 주요관광상권 관광객 수 | B8: 669090 | C8: 명 | D8: 2025년 11월 | E8: 전월 대비 -49.2%
A10: 주요상권 매출 비중 | B10: =IFERROR(B7/B5,0) -> 0.11310127 | E10: 주요상권 매출액 ÷ 소비동향 총 매출액

Sheet 02_가게수
A1: 가게수 (활동기업 수 기준)
A2: 출처: KOSIS 기업생멸행정통계 DT_6BD1132 · 2024년 기준 · 단위: 개 (기업/사업자 기준, 점포 기준 아님)
A4: 지역 | B4: 활동기업수 전체 | C4: 도매 및 소매업 | D4: 숙박 및 음식점업 | E4: 생활밀착업종 계 | F4: 인구 1천명당 생활밀착점포
A5: 동구 | B5: 26884 | C5: 7004 | D5: 3587 | E5: =C5+D5 -> 10591 | F5: =IFERROR(E5/('03_인구수'!B5/1000),0) -> 48.571429
A6: 중구 | B6: 31669 | C6: 7261 | D6: 4089 | E6: =C6+D6 -> 11350 | F6: =IFERROR(E6/('03_인구수'!B6/1000),0) -> 50.661953
A7: 서구 | B7: 60416 | C7: 13954 | D7: 7771 | E7: =C7+D7 -> 21725 | F7: =IFERROR(E7/('03_인구수'!B7/1000),0) -> 46.777972
A8: 유성구 | B8: 49974 | C8: 11131 | D8: 6613 | E8: =C8+D8 -> 17744 | F8: =IFERROR(E8/('03_인구수'!B8/1000),0) -> 47.717524
A9: 대덕구 | B9: 29215 | C9: 7340 | D9: 2930 | E9: =C9+D9 -> 10270 | F9: =IFERROR(E9/('03_인구수'!B9/1000),0) -> 62.68961
A10: 대전광역시 | B10: =B5+B6+B7+B8+B9 -> 198158 | C10: =C5+C6+C7+C8+C9 -> 46690 | D10: =D5+D6+D7+D8+D9 -> 24990 | E10: =E5+E6+E7+E8+E9 -> 71680 | F10: =IFERROR(E10/('03_인구수'!B10/1000),0) -> 49.702189
A12: ※ 원본 서울 파일은 점포 기준으로 추정되며, 본 시트는 기업(사업자) 기준입니다. 자치구 간 상대비교 용도로만 사용하십시오.

Sheet 03_인구수
A1: 인구수
A2: 주거인구·세대수 출처: 행정안전부 주민등록 인구통계 2026년 7월 기준 · 단위: 명 / 세대
A4: 지역 | B4: 주거인구 | C4: 세대수 | D4: 세대당 인구 | E4: 주거인구 구성비
A5: 동구 | B5: 218050 | C5: 113832 | D5: =IFERROR(B5/C5,0) -> 1.9155422 | E5: =IFERROR(B5/$B$10,0) -> 0.15119367
A6: 중구 | B6: 224034 | C6: 109903 | D6: =IFERROR(B6/C6,0) -> 2.0384703 | E6: =IFERROR(B6/$B$10,0) -> 0.15534292
A7: 서구 | B7: 464428 | C7: 225210 | D7: =IFERROR(B7/C7,0) -> 2.0621997 | E7: =IFERROR(B7/$B$10,0) -> 0.32202969
A8: 유성구 | B8: 371855 | C8: 175201 | D8: =IFERROR(B8/C8,0) -> 2.1224479 | E8: =IFERROR(B8/$B$10,0) -> 0.25784051
A9: 대덕구 | B9: 163823 | C9: 81157 | D9: =IFERROR(B9/C9,0) -> 2.0185936 | E9: =IFERROR(B9/$B$10,0) -> 0.11359322
A10: 대전광역시 | B10: =SUM(B5:B9) -> 1442190 | C10: =SUM(C5:C9) -> 705303 | D10: =IFERROR(B10/C10,0) -> 2.0447808 | E10: =IFERROR(B10/$B$10,0) -> 1
A12: ※ 서울 원본의 유동인구/주거인구/직장인구는 '상권 영역' 단위 평균값입니다. 본 시트는 자치구 총계이므로 서울 파일과 스케일이 다릅니다.
A13: ※ 예시 입력 형식 — 유동인구: 23456789 / 직장인구: 98765 (정수, 쉼표 없이 입력)

Sheet 04_가게생존율
A1: 신생기업 생존율
A2: 출처: KOSIS 기업생멸행정통계 DT_6BD1102 · 시도 단위만 제공 · 자치구 단위는 국내 공개통계에 존재하지 않음
A4: 지역 | B4: 기준연도 | C4: 1년 생존율 | D4: 2년 | E4: 3년 | F4: 4년 | G4: 5년 | H4: 6년 | I4: 7년
A5: 대전광역시 | B5: 2022 | C5: 0.648 | D5: 0.533 | E5: 0.465 | F5: 0.403 | G5: 0.347 | H5: 0.292 | I5: 0.26
A6: 대전광역시 | B6: 2023 | C6: 0.646 | D6: 0.534 | E6: 0.449 | F6: 0.408 | G6: 0.356 | H6: 0.312 | I6: 0.266
A7: 전국 | B7: 2022 | C7: 0.649 | D7: 0.536 | E7: 0.469 | F7: 0.41 | G7: 0.348 | H7: 0.31 | I7: 0.278
A8: 전국 | B8: 2023 | C8: 0.644 | D8: 0.54 | E8: 0.459 | F8: 0.41 | G8: 0.364 | H8: 0.313 | I8: 0.282
A9: 서울특별시 | B9: 2023 | C9: 0.639 | D9: 0.525 | E9: 0.452 | F9: 0.403 | G9: 0.367 | H9: 0.313 | I9: 0.281

Sheet 05_개업가게수
A1: 개업가게수 (신생기업 수)
A2: 출처: KOSIS 기업생멸행정통계 DT_6BD1132 · 단위: 개
A4: 지역 | B4: 업종 | C4: 2023년 | D4: 2024년 | E4: 23→24 증감 | F4: 2024 신생률
A5: 동구 | B5: 전체 | C5: 3021 | D5: 3239 | E5: =D5-C5 -> 218 | F5: 0.12
A6: 동구 | B6: 도매 및 소매업 | C6: 865 | D6: 831 | E6: =D6-C6 -> -34 | F6: 0.119
A7: 동구 | B7: 숙박 및 음식점업 | C7: 565 | D7: 551 | E7: =D7-C7 -> -14 | F7: 0.154
A8: 중구 | B8: 전체 | C8: 3531 | D8: 3751 | E8: =D8-C8 -> 220 | F8: 0.118
A9: 중구 | B9: 도매 및 소매업 | C9: 956 | D9: 1008 | E9: =D9-C9 -> 52 | F9: 0.139
A10: 중구 | B10: 숙박 및 음식점업 | C10: 667 | D10: 610 | E10: =D10-C10 -> -57 | F10: 0.149
A11: 서구 | B11: 전체 | C11: 8337 | D11: 8380 | E11: =D11-C11 -> 43 | F11: 0.139
A12: 서구 | B12: 도매 및 소매업 | C12: 2314 | D12: 2536 | E12: =D12-C12 -> 222 | F12: 0.182
A13: 서구 | B13: 숙박 및 음식점업 | C13: 1526 | D13: 1338 | E13: =D13-C13 -> -188 | F13: 0.172
A14: 유성구 | B14: 전체 | C14: 6830 | D14: 6635 | E14: =D14-C14 -> -195 | F14: 0.133
A15: 유성구 | B15: 도매 및 소매업 | C15: 1619 | D15: 1619 | E15: =D15-C15 -> 0 | F15: 0.145
A16: 유성구 | B16: 숙박 및 음식점업 | C16: 1203 | D16: 1053 | E16: =D16-C16 -> -150 | F16: 0.159
... A20: 대전광역시 | B20: 전체 | C20: 24674 | D20: 24810 | E20: =D20-C20 -> 136 | F20: 0.125
A22: * 2024 신생률 = 2024년 신생기업 수 ÷ 2024년 활동기업 수(가게수Sheet) × 100

Sheet 06_폐업가게수
A1: 폐업가게수 (소멸기업 수)
A2: 출처: KOSIS 기업생멸행정통계 DT_6BD1132 · 단위: 개
A4: 지역 | B4: 업종 | C4: 2023년 | D4: 2023 소멸률 | E4: 2023 순증(신생-소멸)
A5: 동구 | B5: 전체 | C5: 2829 | D5: 0.106 | E5: ='05_개업가게수'!C5-C5 -> 192
A6: 동구 | B6: 도매 및 소매업 | C6: 884 | D6: 0.124 | E6: ='05_개업가게수'!C6-C6 -> -19
A7: 동구 | B7: 숙박 및 음식점업 | C7: 510 | D7: 0.143 | E7: ='05_개업가게수'!C7-C7 -> 55
A8: 중구 | B8: 전체 | C8: 3322 | D8: 0.106 | E8: ='05_개업가게수'!C8-C8 -> 209
A9: 중구 | B9: 도매 및 소매업 | C9: 980 | D9: 0.135 | E9: ='05_개업가게수'!C9-C9 -> -24
A10: 중구 | B10: 숙박 및 음식점업 | C10: 607 | D10: 0.147 | E10: ='05_개업가게수'!C10-C10 -> 60
A11: 서구 | B11: 전체 | C11: 7130 | D11: 0.12 | E11: ='05_개업가게수'!C11-C11 -> 1207
A12: 서구 | B12: 도매 및 소매업 | C12: 1963 | D12: 0.145 | E12: ='05_개업가게수'!C12-C12 -> 351
A13: 서구 | B13: 숙박 및 음식점업 | C13: 1392 | D13: 0.175 | E13: ='05_개업가게수'!C13-C13 -> 134
A14: 유성구 | B14: 전체 | C14: 5095 | D14: 0.104 | E14: ='05_개업가게수'!C14-C14 -> 1735
A15: 유성구 | B15: 도매 및 소매업 | C15: 1325 | D15: 0.122 | E15: ='05_개업가게수'!C15-C15 -> 294
A16: 유성구 | B16: 숙박 및 음식점업 | C16: 922 | D16: 0.14 | E16: ='05_개업가게수'!C16-C16 -> 281
... A20: 대전광역시 | B20: 전체 | C20: 20916 | D20: 0.107 | E20: ='05_개업가게수'!C20-C20 -> 3758

Sheet 연령대별 소비 스타일
A1: 소비 스타일 | B1: 20대 | C1: 30대 | D1: 40대 | E1: 50대 | F1: 60대 | G1: Total
A2: 플렉스와 짠테크 소비 구분 | B2: 11.5 | C2: 13.1 | D2: 13.2 | E2: 14.2 | F2: 11.4 | G2: 63.4
A3: 외식장소 찾을 때 무조건 SNS 검색 | B3: 12.9 | C3: 11.5 | D3: 10.9 | E3: 11.8 | F3: 11.4 | G3: 58.5
A4: 음식점에서 대면보다 키오스크 등 비대면 선호 | B4: 12.5 | C4: 12.7 | D4: 13.2 | E4: 9.3 | F4: 7.3 | G4: 55
A5: 재래시장의 핫한 메뉴 찾아 다니며 즐김 | B5: 4.2 | C5: 7 | D5: 8.1 | E5: 9.9 | F5: 12.6 | G5: 41.8
A6: 음식점/카페는 맛 보다 독특한 경험이 중요 | B6: 6.3 | C6: 5 | D6: 6 | E6: 8.6 | F6: 9.5 | G6: 35.4
A7: 채식, 대체육 등 외식 시 친환경 고려 및 실천 | B7: 3.7 | C7: 3.8 | D7: 4.4 | E7: 5.2 | F7: 8.4 | G7: 25.5
A8: 콜라보레이션 상품에 관심이 높음 | B8: 6.5 | C8: 5 | D8: 4.1 | E8: 4.1 | F8: 4 | G8: 23.7
A9: 외식 시 반드시 사진 촬영해 SNS 업로드 | B9: 6 | C9: 5.6 | D9: 4.4 | E9: 3.5 | F9: 2.9 | G9: 22.4
A10: 취향에 맞는 2~3가지 주류·음료 직접 혼합해서 즐김 | B10: 4.9 | C10: 4.5 | D10: 3.8 | E10: 3.3 | F10: 2.4 | G10: 18.9
A11: 파인다이닝도 가치가 있다면 타 지출 줄여서 방문 | B11: 8.1 | C11: 9.3 | D11: 0.1 | E11: 0.1 | F11: 0.1 | G11: 17.7
A12: 식품, 음식, 주류 등의 정기 구독 서비스 이용 | B12: 3.4 | C12: 2.5 | D12: 3.2 | E12: 2 | F12: 2.9 | G12: 14
A13: SNS 핫플은 무조건 방문 | B13: 4.8 | C13: 2.7 | D13: 1.8 | E13: 2.8 | F13: 1.6 | G13: 13.7
... A19: 모두 해당사항 없음 | B19: 1.4 | C19: 2.7 | D19: 3.5 | E19: 3.1 | F19: 3.1 | G19: 13.8
