Workbook

Sheet 00_안내
A1: 여수지역상권데이터
A2: 작성일 2026-08-24 · 분석대상 전남광주통합특별시 여수시 · 비교군 목포·순천·나주·광양시
A4: 설계 방침 | B4: 여수시는 자치구가 없는 단일 시입니다. | C4: 서울/대전판의 '자치구 비교' 축을 다음 3개 축으로 대체했습니다.
A5: 축 1 | B5: 전남 5개 시 횡단 비교 | C5: 여수시의 상권 규모·활력을 인접 도시와 상대평가 (02·05·06 시트)
A6: 축 2 | B6: 여수시 읍면동 30개 인구 분포 | C6: 시 내부에서 상권 후보지를 좁히는 용도 (03 시트)
A7: 축 3 | B7: 여수시 19개 산업대분류 구조 | C7: 업종별 진입·퇴출 활력 진단 (07 시트)
A8: 축 4 | B8: 관광 방문객 월별 계절성 | C8: 여수 상권의 최대 변수. 대전판에는 없던 시트 (08 시트)
A10: 색상 범례 | B10: 의미 | C10: 조치
A11: 파란 글씨 | B11: 공개 통계에서 실제로 수집해 입력한 값 | C11: 그대로 사용. 출처는 01_데이터카탈로그
A12: 검은 글씨 | B12: 수식으로 계산되는 값 | C12: 수정하지 말 것
A13: 노란 채움 | B13: 여수시 행 (분석 대상 강조) | C13: -
A14: 회색 채움 | B14: 공개 통계가 제공하지 않는 값 | C14: -
A16: 제외한 항목 | B16: 사유
A17: 프랜차이즈/일반 구분 | B17: KOSIS에 필드 없음. 소진공 상가정보 원자료 가공이 필요해 제외 | C17: 필요시 10_수집가이드 참조
A18: 유동인구 | B18: 여수시 단위 공개 유동인구 통계 없음(대전은 시 자체 포털 보유) | C18: 관광 방문객 수(08 시트)로 대체
A19: 직장인구 | B19: 시군구 단위 종사자수는 있으나 갱신 지연 | C19: 활동기업 수로 대체
A20: 연령대별 소비 스타일 | B20: 지역 분해를 제공하는 공개 소스 없음 | C20: 제외
A21: 자치구별 생존율 | B21: 해당 없음(단일 시). 생존율은 시도 단위만 공표 | C21: 전남 시도값 사용(04 시트)
A23: 주의 | B23: 본 파일의 '가게수/개업/폐업'은 통계청 기업생멸행정통계의 기업(사업자) 기준입니다. | C23: 점포 기준이 아니므로 서울/대전 원본과 절대값 비교 불가. 도시 간 상대비교로 사용하십시오.

Sheet 01_데이터카탈로그
A1: 데이터 카탈로그
A2: 모든 소스는 2026-08-24에 직접 접속해 값을 추출함
A4: 대상 시트 | B4: 소스명 | C4: URL | D4: 기준시점 | E4: 갱신주기 | F4: 최소 공간단위
A5: 02 / 05 / 06 / 07 | B5: KOSIS 기업생멸행정통계 — 시군구별 산업대분류별 기업 수 (DT_6BD1132) | C5: https://kosis.kr/statHtml/statHtml.do?orgId=101&tblId=DT_6BD1132 | D5: 2024년(소멸은 2023년) | E5: 연 1회 | F5: 시군구 × 산업대분류
A6: 03 | B6: 행정안전부 주민등록 인구통계 | C6: https://jumin.mois.go.kr/statMonth.do | D6: 2026년 7월 | E6: 월 | F6: 읍면동
A7: 04 | B7: KOSIS 기업생멸행정통계 — 시도별 신생기업 생존율 (DT_6BD1102) | C7: https://kosis.kr/statHtml/statHtml.do?orgId=101&tblId=DT_6BD1102 | D7: 2023년 코호트 | E7: 연 1회 | F7: 시도
A8: 08 | B8: KOSIS 전라남도여수시기본통계 — 주요 관광지 방문객수 (DT_732001_J011) | C8: https://kosis.kr (여수시 기본통계) | D8: 2024년 (월별) | E8: 연 1회 | F8: 여수시

Sheet 02_가게수
A1: 가게수 (활동기업 수, 2024년)
A2: 출처: KOSIS 기업생멸행정통계 DT_6BD1132 · 단위: 개
A4: 지역 | B4: 활동기업 전체 | C4: 도매 및 소매업 | D4: 숙박 및 음식점업 | E4: 생활밀착업종 계 | F4: 생활밀착 비중 | G4: 인구 1천명당 생활밀착점포 | H4: 숙박음식/도소매 비
A5: 목포시 | B5: 29821 | C5: 7134 | D5: 5027 | E5: =C5+D5 -> 12161 | F5: =IFERROR(E5/B5,0) -> 0.40779987 | G5: =IFERROR(E5/('03_인구수'!B5/1000),0) -> 61.040004 | H5: =IFERROR(D5/C5,0) -> 0.70465377
A6: 여수시 | B6: 40700 | C6: 7899 | D6: 7276 | E6: =C6+D6 -> 15175 | F6: =IFERROR(E6/B6,0) -> 0.37285012 | G6: =IFERROR(E6/('03_인구수'!B6/1000),0) -> 58.322764 | H6: =IFERROR(D6/C6,0) -> 0.92112926
A7: 순천시 | B7: 35964 | C7: 8127 | D7: 5418 | E7: =C7+D7 -> 13545 | F7: =IFERROR(E7/B7,0) -> 0.37662663 | G7: =IFERROR(E7/('03_인구수'!B7/1000),0) -> 49.482525 | H7: =IFERROR(D7/C7,0) -> 0.66666667
A8: 나주시 | B8: 19835 | C8: 3305 | D8: 2197 | E8: =C8+D8 -> 5502 | F8: =IFERROR(E8/B8,0) -> 0.27738845 | G8: =IFERROR(E8/('03_인구수'!B8/1000),0) -> 47.146934 | H8: =IFERROR(D8/C8,0) -> 0.66475038
A9: 광양시 | B9: 20315 | C9: 3895 | D9: 3439 | E9: =C9+D9 -> 7334 | F9: =IFERROR(E9/B9,0) -> 0.36101403 | G9: =IFERROR(E9/('03_인구수'!B9/1000),0) -> 47.01915 | H9: =IFERROR(D9/C9,0) -> 0.88292683
A10: 전남 전체 | B10: 257432 | C10: 52399 | D10: 38439 | E10: =C10+D10 -> 90838 | F10: =IFERROR(E10/B10,0) -> 0.35286212 | G10: - | H10: =IFERROR(D10/C10,0) -> 0.7335827
A11: 여수 점유율 | B11: =IFERROR(B6/B10,0) -> 0.1581 | C11: =IFERROR(C6/C10,0) -> 0.15074715 | D11: =IFERROR(D6/D10,0) -> 0.18928692 | E11: =IFERROR(E6/E10,0) -> 0.16705564
A13: ※ '숙박음식/도소매 비'가 높을수록 소비형(관광·외식) 상권 성격이 강합니다.

Sheet 03_인구수
A1: 인구수
A2: 출처: 행정안전부 주민등록 인구통계 2026년 7월 기준 · 단위: 명 / 세대
A4: 지역 | B4: 총 인구수 | C4: 세대수 | D4: 세대당 인구 | E4: 남자 | F4: 여자 | G4: 남여 비율 | H4: 전남 대비 비중
A5: 목포시 | B5: 199230 | C5: 102499 | D5: =IFERROR(B5/C5,0) -> 1.9437263 | E5: 99085 | F5: 100145 | G5: =IFERROR(E5/F5,0) -> 0.98941535 | H5: =IFERROR(B5/$B$10,0) -> 0.063091852
A6: 여수시 | B6: 260190 | C6: 127214 | D6: =IFERROR(B6/C6,0) -> 2.0452938 | E6: 132132 | F6: 128058 | G6: =IFERROR(E6/F6,0) -> 1.0318137 | H6: =IFERROR(B6/$B$10,0) -> 0.082396572
A7: 순천시 | B7: 273733 | C7: 128139 | D7: =IFERROR(B7/C7,0) -> 2.1362193 | E7: 136571 | F7: 137162 | G7: =IFERROR(E7/F7,0) -> 0.99569123 | H7: =IFERROR(B7/$B$10,0) -> 0.086685349
A8: 나주시 | B8: 116699 | C8: 60241 | D8: =IFERROR(B8/C8,0) -> 1.9372022 | E8: 59104 | F8: 57595 | G8: =IFERROR(E8/F8,0) -> 1.0262002 | H8: =IFERROR(B8/$B$10,0) -> 0.036956061
A9: 광양시 | B9: 155979 | C9: 74204 | D9: =IFERROR(B9/C9,0) -> 2.1020295 | E9: 81855 | F9: 74124 | G9: =IFERROR(E9/F9,0) -> 1.1042982 | H9: =IFERROR(B9/$B$10,0) -> 0.049395192
A10: 전남광주통합특별시 | B10: 3157777 | C10: 1579042 | D10: =IFERROR(B10/C10,0) -> 1.9998056 | E10: 1579191 | F10: 1578586 | G10: =IFERROR(E10/F10,0) -> 1.0003833 | H10: =IFERROR(B10/$B$10,0) -> 1
A12: 여수시 읍면동별 인구 (상권 후보지 탐색용)
A13: 읍면동 | B13: 총 인구수 | C13: 세대수 | D13: 세대당 인구 | E13: 남자 | F13: 여자 | G13: 시 대비 비중 | H13: 인구 순위
A14: 돌산읍 | B14: 2247 | C14: 1378 | D14: =IFERROR(B14/C14,0) -> 1.6306241 | E14: 1149 | F14: 1098 | G14: =IFERROR(B14/$B$44,0) -> 0.0086359968 | H14: =RANK(B14,$B$14:$B$43) -> 24
A15: 돌산읍우두출장소 | B15: 7837 | C15: 4262 | D15: =IFERROR(B15/C15,0) -> 1.8388081 | E15: 4080 | F15: 3757 | G15: =IFERROR(B15/$B$44,0) -> 0.030120297 | H15: =RANK(B15,$B$14:$B$43) -> 11
A16: 돌산읍죽포출장소 | B16: 1709 | C16: 1020 | D16: =IFERROR(B16/C16,0) -> 1.6754902 | E16: 836 | F16: 873 | G16: =IFERROR(B16/$B$44,0) -> 0.006568277 | H16: =RANK(B16,$B$14:$B$43) -> 27
A17: 소라면 | B17: 20877 | C17: 9365 | D17: =IFERROR(B17/C17,0) -> 2.2292579 | E17: 10540 | F17: 10337 | G17: =IFERROR(B17/$B$44,0) -> 0.080237519 | H17: =RANK(B17,$B$14:$B$43) -> 3
A18: 율촌면 | B18: 6012 | C18: 3367 | D18: =IFERROR(B18/C18,0) -> 1.7855658 | E18: 3095 | F18: 2917 | G18: =IFERROR(B18/$B$44,0) -> 0.023106192 | H18: =RANK(B18,$B$14:$B$43) -> 14
A19: 화양면 | B19: 5797 | C19: 3387 | D19: =IFERROR(B19/C19,0) -> 1.7115441 | E19: 2984 | F19: 2813 | G19: =IFERROR(B19/$B$44,0) -> 0.022279872 | H19: =RANK(B19,$B$14:$B$43) -> 15
A20: 남면 | B20: 2500 | C20: 1619 | D20: =IFERROR(B20/C20,0) -> 1.5441631 | E20: 1297 | F20: 1203 | G20: =IFERROR(B20/$B$44,0) -> 0.0096083631 | H20: =RANK(B20,$B$14:$B$43) -> 22
A21: 화정면 | B21: 1256 | C21: 793 | D21: =IFERROR(B21/C21,0) -> 1.5838588 | E21: 653 | F21: 603 | G21: =IFERROR(B21/$B$44,0) -> 0.0048272416 | H21: =RANK(B21,$B$14:$B$43) -> 28
A22: 화정면개도출장소 | B22: 734 | C22: 475 | D22: =IFERROR(B22/C22,0) -> 1.5452632 | E22: 388 | F22: 346 | G22: =IFERROR(B22/$B$44,0) -> 0.0028210154 | H22: =RANK(B22,$B$14:$B$43) -> 30
A23: 삼산면 | B23: 1948 | C23: 1226 | D23: =IFERROR(B23/C23,0) -> 1.588907 | E23: 1108 | F23: 840 | G23: =IFERROR(B23/$B$44,0) -> 0.0074868365 | H23: =RANK(B23,$B$14:$B$43) -> 25
A24: 동문동 | B24: 3876 | C24: 2205 | D24: =IFERROR(B24/C24,0) -> 1.7578231 | E24: 1924 | F24: 1952 | G24: =IFERROR(B24/$B$44,0) -> 0.014896806 | H24: =RANK(B24,$B$14:$B$43) -> 18
A25: 한려동 | B25: 2499 | C25: 1577 | D25: =IFERROR(B25/C25,0) -> 1.5846544 | E25: 1236 | F25: 1263 | G25: =IFERROR(B25/$B$44,0) -> 0.0096045198 | H25: =RANK(B25,$B$14:$B$43) -> 23
... A43: 묘도동 | B43: 1036 | C43: 565 | D43: =IFERROR(B43/C43,0) -> 1.8336283 | E43: 542 | F43: 494 | G43: =IFERROR(B43/$B$44,0) -> 0.0039817057 | H43: =RANK(B43,$B$14:$B$43) -> 29
A44: 여수시 합계 | B44: =SUM(B14:B43) -> 260190 | C44: =SUM(C14:C43) -> 127214 | D44: =IFERROR(B44/C44,0) -> 2.0452938 | E44: =SUM(E14:E43) -> 132132 | F44: =SUM(F14:F43) -> 128058 | G44: =IFERROR(B44/B44,0) -> 1 | H44: -
A46: ※ 시전동·쌍봉동·소라면·문수동이 인구 상위권입니다. 배후수요 기준 1차 상권 후보로 검토하십시오.

Sheet 04_가게생존율
A1: 신생기업 생존율
A2: 출처: KOSIS 기업생멸행정통계 DT_6BD1102 · 시도 단위만 공표되어 여수시 단독 값은 존재하지 않음
A4: 지역 | B4: 기준연도 | C4: 1년 생존율 | D4: 2년 | E4: 3년 | F4: 4년 | G4: 5년 | H4: 6년 | I4: 7년
A5: 전라남도 | B5: 2022 | C5: 0.66 | D5: 0.561 | E5: 0.486 | F5: 0.416 | G5: 0.341 | H5: 0.307 | I5: 0.294
A6: 전라남도 | B6: 2023 | C6: 0.641 | D6: 0.556 | E6: 0.49 | F6: 0.432 | G6: 0.367 | H6: 0.307 | I6: 0.28
A7: 전국 | B7: 2022 | C7: 0.649 | D7: 0.536 | E7: 0.469 | F7: 0.41 | G7: 0.348 | H7: 0.31 | I7: 0.278
A8: 전국 | B8: 2023 | C8: 0.644 | D8: 0.54 | E8: 0.459 | F8: 0.41 | G8: 0.364 | H8: 0.313 | I8: 0.282
A9: 전남 - 전국 격차 | B9: 2023 | C9: =C6-C8 -> -0.003 | D9: =D6-D8 -> 0.016 | E9: =E6-E8 -> 0.031 | F9: =F6-F8 -> 0.022 | G9: =G6-G8 -> 0.003 | H9: =H6-H8 -> -0.006 | I9: =I6-I8 -> -0.002
A11: ※ 전남 신생기업은 3~5년 구간에서 전국 대비 생존율이 높습니다. 여수 상권 진입 시 중기 안정성 근거로 활용 가능합니다.
A12: ※ 여수시 단독 생존율이 필요하면 LOCALDATA 인허가일·폐업일로 코호트 산출이 필요합니다(10_수집가이드).

Sheet 05_개업가게수
A1: 개업가게수 (신생기업 수)
A2: 출처: KOSIS 기업생멸행정통계 DT_6BD1132 · 단위: 개
A4: 지역 | B4: 업종 | C4: 2023년 | D4: 2024년 | E4: 23→24 증감 | F4: 2023 신생률 | G4: 2024 신생률
A5: 목포시 | B5: 전체 | C5: 3395 | D5: 3207 | E5: =D5-C5 -> -188 | F5: 0.114 | G5: 0.108
A6: 목포시 | B6: 도매 및 소매업 | C6: 865 | D6: 747 | E6: =D6-C6 -> -118 | F6: 0.119 | G6: 0.105
A7: 목포시 | B7: 숙박 및 음식점업 | C7: 824 | D7: 740 | E7: =D7-C7 -> -84 | F7: 0.161 | G7: 0.147
A8: 여수시 | B8: 전체 | C8: 4769 | D8: 4356 | E8: =D8-C8 -> -413 | F8: 0.118 | G8: 0.107
A9: 여수시 | B9: 도매 및 소매업 | C9: 886 | D9: 814 | E9: =D9-C9 -> -72 | F9: 0.111 | G9: 0.103
A10: 여수시 | B10: 숙박 및 음식점업 | C10: 1260 | D10: 1113 | E10: =D10-C10 -> -147 | F10: 0.173 | G10: 0.153
A11: 순천시 | B11: 전체 | C11: 4241 | D11: 4014 | E11: =D11-C11 -> -227 | F11: 0.119 | G11: 0.112
A12: 순천시 | B12: 도매 및 소매업 | C12: 1016 | D12: 937 | E12: =D12-C12 -> -79 | F12: 0.124 | G12: 0.115
A13: 순천시 | B13: 숙박 및 음식점업 | C13: 947 | D13: 837 | E13: =D13-C13 -> -110 | F13: 0.172 | G13: 0.154
A14: 나주시 | B14: 전체 | C14: 2823 | D14: 2435 | E14: =D14-C14 -> -388 | F14: 0.147 | G14: 0.123
A15: 나주시 | B15: 도매 및 소매업 | C15: 491 | D15: 446 | E15: =D15-C15 -> -45 | F15: 0.149 | G15: 0.135
A16: 나주시 | B16: 숙박 및 음식점업 | C16: 417 | D16: 368 | E16: =D16-C16 -> -49 | F16: 0.193 | G16: 0.168
... A22: 전남 전체 | B22: 숙박 및 음식점업 | C22: 6248 | D22: 5760 | E22: =D22-C22 -> -488 | F22: 0.163 | G22: 0.15
A24: ※ 여수 숙박·음식점업 신생률 15.3%는 전남 평균(15.0%)을 웃돌며, 도소매(10.3%)보다 뚜렷하게 높습니다.

Sheet 06_폐업가게수
A1: 폐업가게수 (소멸기업 수)
A2: 출처: KOSIS 기업생멸행정통계 DT_6BD1132 · 소멸기업은 확정에 1년이 더 걸려 2024년은 미공표
A4: 지역 | B4: 업종 | C4: 2023년 | D4: 2023 소멸률 | E4: 2023 순증(신생-소멸) | F4: 2023 활력도(신생률-소멸률)
A5: 목포시 | B5: 전체 | C5: 3099 | D5: 0.104 | E5: ='05_개업가게수'!C5-C5 -> 296 | F5: ='05_개업가게수'!F5-D5 -> 0.01
A6: 목포시 | B6: 도매 및 소매업 | C6: 843 | D6: 0.116 | E6: ='05_개업가게수'!C6-C6 -> 22 | F6: ='05_개업가게수'!F6-D6 -> 0.003
A7: 목포시 | B7: 숙박 및 음식점업 | C7: 789 | D7: 0.154 | E7: ='05_개업가게수'!C7-C7 -> 35 | F7: ='05_개업가게수'!F7-D7 -> 0.007
A8: 여수시 | B8: 전체 | C8: 4076 | D8: 0.1 | E8: ='05_개업가게수'!C8-C8 -> 693 | F8: ='05_개업가게수'!F8-D8 -> 0.018
A9: 여수시 | B9: 도매 및 소매업 | C9: 903 | D9: 0.113 | E9: ='05_개업가게수'!C9-C9 -> -17 | F9: ='05_개업가게수'!F9-D9 -> -0.002
A10: 여수시 | B10: 숙박 및 음식점업 | C10: 1059 | D10: 0.146 | E10: ='05_개업가게수'!C10-C10 -> 201 | F10: ='05_개업가게수'!F10-D10 -> 0.027
A11: 순천시 | B11: 전체 | C11: 3598 | D11: 0.101 | E11: ='05_개업가게수'!C11-C11 -> 643 | F11: ='05_개업가게수'!F11-D11 -> 0.018
A12: 순천시 | B12: 도매 및 소매업 | C12: 938 | D12: 0.114 | E12: ='05_개업가게수'!C12-C12 -> 78 | F12: ='05_개업가게수'!F12-D12 -> 0.01
A13: 순천시 | B13: 숙박 및 음식점업 | C13: 848 | D13: 0.154 | E13: ='05_개업가게수'!C13-C13 -> 99 | F13: ='05_개업가게수'!F13-D13 -> 0.018
A14: 나주시 | B14: 전체 | C14: 1916 | D14: 0.1 | E14: ='05_개업가게수'!C14-C14 -> 907 | F14: ='05_개업가게수'!F14-D14 -> 0.047
A15: 나주시 | B15: 도매 및 소매업 | C15: 445 | D15: 0.135 | E15: ='05_개업가게수'!C15-C15 -> 46 | F15: ='05_개업가게수'!F15-D15 -> 0.014
A16: 나주시 | B16: 숙박 및 음식점업 | C16: 326 | D16: 0.151 | E16: ='05_개업가게수'!C16-C16 -> 91 | F16: ='05_개업가게수'!F16-D16 -> 0.042
... A22: 전남 전체 | B22: 숙박 및 음식점업 | C22: 5319 | D22: 0.139 | E22: ='05_개업가게수'!C22-C22 -> 929 | F22: ='05_개업가게수'!F22-D22 -> 0.024
A24: ※ 활력도는 2023년 신생률 - 2023년 소멸률(동일 연도)입니다. (+)면 진입이 퇴출보다 활발한 확장 국면, (-)면 축소 국면입니다.

Sheet 07_업종구조
A1: 여수시 업종구조 (산업대분류 19개)
A2: 출처: KOSIS 기업생멸행정통계 DT_6BD1132 · 여수시 · 단위: 개
A4: 산업대분류 | B4: 2023 활동 | C4: 2023 신생 | D4: 2023 소멸 | E4: 2023 신생률 | F4: 2023 소멸률 | G4: 2024 활동 | H4: 2024 신생 | I4: 2024 신생률 | J4: 2023 순증 | K4: 활력도
A5: 전체 | B5: 40570 | C5: 4769 | D5: 4076 | E5: 0.118 | F5: 0.1 | G5: 40700 | H5: 4356 | I5: 0.107 | J5: =C5-D5 -> 693 | K5: =E5-F5 -> 0.018
A6: 농업, 임업 및 어업 | B6: 2115 | C6: 227 | D6: 285 | E6: 0.107 | F6: 0.135 | G6: 2133 | H6: 304 | I6: 0.143 | J6: =C6-D6 -> -58 | K6: =E6-F6 -> -0.028
A7: 광업 | B7: 5 | C7: 0 | D7: - | E7: 0 | F7: - | G7: 5 | H7: - | I7: - | J7: - | K7: -
A8: 제조업 | B8: 1744 | C8: 127 | D8: 158 | E8: 0.073 | F8: 0.091 | G8: 1692 | H8: 122 | I8: 0.072 | J8: =C8-D8 -> -31 | K8: =E8-F8 -> -0.018
A9: 전기, 가스, 증기 및 공기조절 공급업 | B9: 524 | C9: 56 | D9: 13 | E9: 0.107 | F9: 0.025 | G9: 615 | H9: 98 | I9: 0.159 | J9: =C9-D9 -> 43 | K9: =E9-F9 -> 0.082
A10: 수도, 하수 및 폐기물처리, 원료재생업 | B10: 107 | C10: 3 | D10: 1 | E10: 0.028 | F10: 0.009 | G10: 114 | H10: 7 | I10: 0.061 | J10: =C10-D10 -> 2 | K10: =E10-F10 -> 0.019
A11: 건설업 | B11: 2757 | C11: 236 | D11: 193 | E11: 0.086 | F11: 0.07 | G11: 2787 | H11: 220 | I11: 0.079 | J11: =C11-D11 -> 43 | K11: =E11-F11 -> 0.016
A12: 도매 및 소매업 | B12: 8016 | C12: 886 | D12: 903 | E12: 0.111 | F12: 0.113 | G12: 7899 | H12: 814 | I12: 0.103 | J12: =C12-D12 -> -17 | K12: =E12-F12 -> -0.002
A13: 운수 및 창고업 | B13: 4334 | C13: 266 | D13: 211 | E13: 0.061 | F13: 0.049 | G13: 4396 | H13: 289 | I13: 0.066 | J13: =C13-D13 -> 55 | K13: =E13-F13 -> 0.012
A14: 숙박 및 음식점업 | B14: 7276 | C14: 1260 | D14: 1059 | E14: 0.173 | F14: 0.146 | G14: 7276 | H14: 1113 | I14: 0.153 | J14: =C14-D14 -> 201 | K14: =E14-F14 -> 0.027
A15: 정보통신업 | B15: 127 | C15: 18 | D15: 10 | E15: 0.142 | F15: 0.079 | G15: 149 | H15: 32 | I15: 0.215 | J15: =C15-D15 -> 8 | K15: =E15-F15 -> 0.063
A16: 금융 및 보험업 | B16: 44 | C16: 11 | D16: 5 | E16: 0.25 | F16: 0.114 | G16: 43 | H16: 4 | I16: 0.093 | J16: =C16-D16 -> 6 | K16: =E16-F16 -> 0.136
A17: 부동산업 | B17: 8276 | C17: 1028 | D17: 678 | E17: 0.124 | F17: 0.082 | G17: 8210 | H17: 671 | I17: 0.082 | J17: =C17-D17 -> 350 | K17: =E17-F17 -> 0.042
A18: 전문과학기술서비스업 | B18: 592 | C18: 69 | D18: 41 | E18: 0.117 | F18: 0.069 | G18: 618 | H18: 61 | I18: 0.099 | J18: =C18-D18 -> 28 | K18: =E18-F18 -> 0.048
A19: 사업시설관리, 사업지원 및 임대 서비스업 | B19: 648 | C19: 86 | D19: 76 | E19: 0.133 | F19: 0.117 | G19: 656 | H19: 92 | I19: 0.14 | J19: =C19-D19 -> 10 | K19: =E19-F19 -> 0.016
... A23: 협회 및 단체, 수리 및 기타 개인서비스업 | B23: 2150 | C23: 268 | D23: 237 | E23: 0.125 | F23: 0.11 | G23: 2151 | H23: 230 | I23: 0.107 | J23: =C23-D23 -> 31 | K23: =E23-F23 -> 0.015
A25: ※ 노란 행은 상권 핵심 업종(도소매·숙박음식)입니다. 숙박음식은 2023 활력도 +2.7%p로 여수 상권의 성장 엔진입니다.
A26: ※ 도소매는 2023 활력도 -0.2%p로 정체 국면입니다. 신규 진입 시 차별화 전략이 필요합니다.

Sheet 08_관광지표
A1: 여수시 관광 방문객 (2024년, 월별)
A2: 출처: KOSIS 전라남도여수시기본통계 — 주요 관광지 방문객수 (집계 관광지 36개소) · 단위: 명
A4: 월 | B4: 방문객 소계 | C4: 유료 관광지 | D4: 내국인 | E4: 외국인 | F4: 무료 관광지 | G4: 월 비중 | H4: 계절지수
A5: 1월 | B5: 789820 | C5: 405811 | D5: 405782 | E5: 29 | F5: 384009 | G5: =IFERROR(B5/$B$17,0) -> 0.068486772 | H5: =IFERROR(B5/($B$17/12),0) -> 0.82184126
A6: 2월 | B6: 754842 | C6: 414274 | D6: 414262 | E6: 12 | F6: 340568 | G6: =IFERROR(B6/$B$17,0) -> 0.065453764 | H6: =IFERROR(B6/($B$17/12),0) -> 0.78544517
A7: 3월 | B7: 879807 | C7: 459255 | D7: 459171 | E7: 84 | F7: 420552 | G7: =IFERROR(B7/$B$17,0) -> 0.076289713 | H7: =IFERROR(B7/($B$17/12),0) -> 0.91547656
A8: 4월 | B8: 966041 | C8: 532081 | D8: 532059 | E8: 22 | F8: 433960 | G8: =IFERROR(B8/$B$17,0) -> 0.083767225 | H8: =IFERROR(B8/($B$17/12),0) -> 1.0052067
A9: 5월 | B9: 1354066 | C9: 540595 | D9: 540499 | E9: 96 | F9: 813471 | G9: =IFERROR(B9/$B$17,0) -> 0.1174136 | H9: =IFERROR(B9/($B$17/12),0) -> 1.4089632
A10: 6월 | B10: 1093678 | C10: 503973 | D10: 503904 | E10: 69 | F10: 589705 | G10: =IFERROR(B10/$B$17,0) -> 0.094834869 | H10: =IFERROR(B10/($B$17/12),0) -> 1.1380184
A11: 7월 | B11: 925892 | C11: 505129 | D11: 505125 | E11: 4 | F11: 420763 | G11: =IFERROR(B11/$B$17,0) -> 0.08028583 | H11: =IFERROR(B11/($B$17/12),0) -> 0.96342996
A12: 8월 | B12: 1277152 | C12: 713209 | D12: 713081 | E12: 128 | F12: 563943 | G12: =IFERROR(B12/$B$17,0) -> 0.11074424 | H12: =IFERROR(B12/($B$17/12),0) -> 1.3289309
A13: 9월 | B13: 843143 | C13: 499274 | D13: 499234 | E13: 40 | F13: 343869 | G13: =IFERROR(B13/$B$17,0) -> 0.073110509 | H13: =IFERROR(B13/($B$17/12),0) -> 0.87732611
A14: 10월 | B14: 1026339 | C14: 535217 | D14: 535135 | E14: 82 | F14: 491122 | G14: =IFERROR(B14/$B$17,0) -> 0.088995778 | H14: =IFERROR(B14/($B$17/12),0) -> 1.0679493
A15: 11월 | B15: 925254 | C15: 463651 | D15: 463572 | E15: 79 | F15: 461603 | G15: =IFERROR(B15/$B$17,0) -> 0.080230508 | H15: =IFERROR(B15/($B$17/12),0) -> 0.96276609
A16: 12월 | B16: 696412 | C16: 397965 | D16: 397965 | E16: - | F16: 298447 | G16: =IFERROR(B16/$B$17,0) -> 0.060387189 | H16: =IFERROR(B16/($B$17/12),0) -> 0.72464627
A17: 합계 | B17: =SUM(B5:B16) -> 11532446 | C17: =SUM(C5:C16) -> 5970434 | D17: =SUM(D5:D16) -> 5969789 | E17: =SUM(E5:E16) -> 645 | F17: =SUM(F5:F16) -> 5562012 | G17: =IFERROR(B17/$B$17,0) -> 1 | H17: -
A19: 파생 지표
A20: 지표 | B20: 값 | D20: 해석
A21: 연간 방문객 / 주민등록인구 | B21: =IFERROR(B17/'03_인구수'!B6,0) -> 44.323172 | D21: 주민 1인당 연간 관광객 수. 관광 의존도 지표
A22: 유료 관광지 비중 | B22: =IFERROR(C17/B17,0) -> 0.51770752 | D22: 지불의사 있는 방문객 비중
A23: 외국인 비중 | B23: =IFERROR(E17/B17,0) -> 5.5929158e-05 | D23: 인바운드 상권 잠재력
A24: 성수기(5·8월) 비중 | B24: =IFERROR((B9+B12)/B17,0) -> 0.22815784 | D24: 두 달이 차지하는 연간 비중
A25: 최성수기/최비수기 배율 | B25: =IFERROR(MAX(B5:B16)/MIN(B5:B16),0) -> 1.9443462 | D25: 계절 변동폭. 클수록 비수기 리스크 큼
A26: 숙박음식 점포당 연간 방문객 | B26: =IFERROR(B17/'02_가게수'!D6,0) -> 1584.9981 | D26: 숙박·음식점 1개소가 흡수하는 관광 수요
A28: ※ 5월(여수밤바다 성수기)과 8월이 뚜렷한 쌍봉 피크입니다. 12월은 최저로 비수기 대응 전략이 필요합니다.

Sheet 09_상권진단
A1: 전남 5개 시 상권 진단 요약
A2: 02·03·05·06 시트를 참조하는 계산 시트입니다. 원본 값을 고치면 자동 반영됩니다.
A4: 지표 | B4: 목포시 | C4: 여수시 | D4: 순천시 | E4: 나주시 | F4: 광양시 | G4: 해석
A5: 주민등록 인구 (명) | B5: ='03_인구수'!B5 -> 199230 | C5: ='03_인구수'!B6 -> 260190 | D5: ='03_인구수'!B7 -> 273733 | E5: ='03_인구수'!B8 -> 116699 | F5: ='03_인구수'!B9 -> 155979 | G5: 배후 수요 규모
A6: 활동기업 전체 (개) | B6: ='02_가게수'!B5 -> 29821 | C6: ='02_가게수'!B6 -> 40700 | D6: ='02_가게수'!B7 -> 35964 | E6: ='02_가게수'!B8 -> 19835 | F6: ='02_가게수'!B9 -> 20315 | G6: 상권 총량
A7: 생활밀착업종 점포 (개) | B7: ='02_가게수'!E5 -> 12161 | C7: ='02_가게수'!E6 -> 15175 | D7: ='02_가게수'!E7 -> 13545 | E7: ='02_가게수'!E8 -> 5502 | F7: ='02_가게수'!E9 -> 7334 | G7: 도소매+숙박음식
A8: 인구 1천명당 생활밀착점포 | B8: ='02_가게수'!G5 -> 61.040004 | C8: ='02_가게수'!G6 -> 58.322764 | D8: ='02_가게수'!G7 -> 49.482525 | E8: ='02_가게수'!G8 -> 47.146934 | F8: ='02_가게수'!G9 -> 47.01915 | G8: 높을수록 공급 포화 / 관광 유입 가능성
A9: 숙박음식 / 도소매 비 | B9: ='02_가게수'!H5 -> 0.70465377 | C9: ='02_가게수'!H6 -> 0.92112926 | D9: ='02_가게수'!H7 -> 0.66666667 | E9: ='02_가게수'!H8 -> 0.66475038 | F9: ='02_가게수'!H9 -> 0.88292683 | G9: 높을수록 소비·관광형 상권
A10: 2024 신생기업 (개) | B10: ='05_개업가게수'!D5 -> 3207 | C10: ='05_개업가게수'!D8 -> 4356 | D10: ='05_개업가게수'!D11 -> 4014 | E10: ='05_개업가게수'!D14 -> 2435 | F10: ='05_개업가게수'!D17 -> 2330 | G10: 신규 진입 규모
A11: 2024 신생률 | B11: ='05_개업가게수'!G5 -> 0.108 | C11: ='05_개업가게수'!G8 -> 0.107 | D11: ='05_개업가게수'!G11 -> 0.112 | E11: ='05_개업가게수'!G14 -> 0.123 | F11: ='05_개업가게수'!G17 -> 0.115 | G11: 진입 활발도
A12: 2023 소멸률 | B12: ='06_폐업가게수'!D5 -> 0.104 | C12: ='06_폐업가게수'!D8 -> 0.1 | D12: ='06_폐업가게수'!D11 -> 0.101 | E12: ='06_폐업가게수'!D14 -> 0.1 | F12: ='06_폐업가게수'!D17 -> 0.096 | G12: 퇴출 압력
A13: 2023 활력도 (신생률-소멸률) | B13: ='06_폐업가게수'!F5 -> 0.01 | C13: ='06_폐업가게수'!F8 -> 0.018 | D13: ='06_폐업가게수'!F11 -> 0.018 | E13: ='06_폐업가게수'!F14 -> 0.047 | F13: ='06_폐업가게수'!F17 -> 0.021 | G13: (+) 확장 / (-) 축소
A14: 숙박음식 2023 활력도 | B14: ='06_폐업가게수'!F7 -> 0.007 | C14: ='06_폐업가게수'!F10 -> 0.027 | D14: ='06_폐업가게수'!F13 -> 0.018 | E14: ='06_폐업가게수'!F16 -> 0.042 | F14: ='06_폐업가게수'!F19 -> 0.031 | G14: 관광·외식 상권 확장세
A15: 도소매 2023 활력도 | B15: ='06_폐업가게수'!F6 -> 0.003 | C15: ='06_폐업가게수'!F9 -> -0.002 | D15: ='06_폐업가게수'!F12 -> 0.01 | E15: ='06_폐업가게수'!F15 -> 0.014 | F15: ='06_폐업가게수'!F18 -> 0.001 | G15: 소매 상권 확장세
A17: 여수시 진단 요약
A18: 구분 | B18: 내용
A19: 규모 | B19: 전남 5개 시 중 활동기업 수 1위(40,700개), 인구는 순천에 이어 2위.
A20: 업종 성격 | B20: 숙박음식/도소매 비 0.92로 5개 시 중 최고. 소비·관광형 상권 성격이 가장 강함.
A21: 성장 업종 | B21: 숙박·음식점업 2023 활력도 +2.7%p로 전체 평균(+1.8%p)을 상회하는 확장 국면. 다만 나주(+4.2%p)·광양(+3.1%p)보다는 낮음.
A22: 정체 업종 | B22: 도매·소매업 2023 활력도 -0.2%p로 5개 시 중 유일한 (-). 신규 진입 시 차별화 없이는 경쟁 열위.
A23: 관광 의존 | B23: 연간 관광객 1,153만 명으로 주민 1인당 44배. 상권 수요의 상당분이 외지 유입.
A24: 리스크 | B24: 최성수기(5월)/최비수기(12월) 배율 1.94배. 비수기 4개월 운영 전략 필수.
A25: 입지 후보 | B25: 배후인구 기준 시전동(43,036)·쌍봉동(31,100)·소라면(20,877)·문수동(18,017) 순.
