Workbook

Sheet 01_안내
A1: 울산지역상권데이터
A2: 작성일 2026-08-24 · 대상 울산광역시 5개 구·군(중구·남구·동구·북구·울주군)
A4: 구성 | B4: 내용 | C4: 비고
A5: 02_가게수 | B5: 5개 구·군 활동기업 수 (전체/도소매/숙박음식) | C5: 2024년 · 파생지표 4종 포함
A6: 03_인구수 | B6: 5개 구·군 주민등록 인구·세대 | C6: 2026년 7월
A7: 04_가게생존율 | B7: 울산 신생기업 1~7년 생존율 + 전국 비교 | C7: 2022·2023 코호트 · 시도 단위
A8: 05_개업가게수 | B8: 5개 구·군 × 3업종 신생기업 수·신생률 | C8: 2023·2024년
A9: 06_폐업가게수 | B9: 5개 구·군 × 3업종 소멸기업 수·소멸률·활력도 | C9: 2023년
A10: 07_업종구조 | B10: 19개 산업대분류 × 5개 구·군 활동기업 수 | C10: 2024년 · 업종 포트폴리오

Sheet 02_가게수
A1: 가게수 (활동기업 수, 2024년)
A2: 출처: KOSIS 기업생멸행정통계 DT_6BD1132 · 단위: 개
A4: 지역 | B4: 활동기업 전체 | C4: 도매 및 소매업 | D4: 숙박 및 음식점업 | E4: 생활밀착업종 계 | F4: 생활밀착 비중 | G4: 인구 1천명당 생활밀착점포 | H4: 숙박음식/도소매 비
A5: 중구 | B5: 22967 | C5: 4967 | D5: 3450 | E5: =C5+D5 -> 8417 | F5: =IFERROR(E5/B5,0) -> 0.36648234 | G5: =IFERROR(E5/('03_인구수'!B5/1000),0) -> 41.499238 | H5: =IFERROR(D5/C5,0) -> 0.69458426
A6: 남구 | B6: 45936 | C6: 9117 | D6: 7383 | E6: =C6+D6 -> 16500 | F6: =IFERROR(E6/B6,0) -> 0.3591954 | G6: =IFERROR(E6/('03_인구수'!B6/1000),0) -> 54.201788 | H6: =IFERROR(D6/C6,0) -> 0.80980586
A7: 동구 | B7: 12691 | C7: 2508 | D7: 2746 | E7: =C7+D7 -> 5254 | F7: =IFERROR(E7/B7,0) -> 0.41399417 | G7: =IFERROR(E7/('03_인구수'!B7/1000),0) -> 35.588249 | H7: =IFERROR(D7/C7,0) -> 1.0948963
A8: 북구 | B8: 22393 | C8: 4424 | D8: 3310 | E8: =C8+D8 -> 7734 | F8: =IFERROR(E8/B8,0) -> 0.34537579 | G8: =IFERROR(E8/('03_인구수'!B8/1000),0) -> 36.222788 | H8: =IFERROR(D8/C8,0) -> 0.74819168
A9: 울주군 | B9: 30679 | C9: 5079 | D9: 4467 | E9: =C9+D9 -> 9546 | F9: =IFERROR(E9/B9,0) -> 0.31115747 | G9: =IFERROR(E9/('03_인구수'!B9/1000),0) -> 43.714796 | H9: =IFERROR(D9/C9,0) -> 0.87950384
A10: 울산광역시 | B10: =SUM(B5:B9) -> 134666 | C10: =SUM(C5:C9) -> 26095 | D10: =SUM(D5:D9) -> 21356 | E10: =C10+D10 -> 47451 | F10: =IFERROR(E10/B10,0) -> 0.35236066 | G10: =IFERROR(E10/('03_인구수'!B10/1000),0) -> 43.662975 | H10: =IFERROR(D10/C10,0) -> 0.81839433
A11: 구·군 점유율
A12: 지역 | B12: 활동기업 점유율 | C12: 도소매 점유율 | D12: 숙박음식 점유율 | E12: 생활밀착 점유율
A13: 중구 | B13: =IFERROR(B5/B$10,0) -> 0.17054787 | C13: =IFERROR(C5/C$10,0) -> 0.19034298 | D13: =IFERROR(D5/D$10,0) -> 0.16154711 | E13: =IFERROR(E5/E$10,0) -> 0.17738298
A14: 남구 | B14: =IFERROR(B6/B$10,0) -> 0.3411106 | C14: =IFERROR(C6/C$10,0) -> 0.34937728 | D14: =IFERROR(D6/D$10,0) -> 0.34571081 | E14: =IFERROR(E6/E$10,0) -> 0.34772713
A15: 동구 | B15: =IFERROR(B7/B$10,0) -> 0.094240566 | C15: =IFERROR(C7/C$10,0) -> 0.096110366 | D15: =IFERROR(D7/D$10,0) -> 0.12858213 | E15: =IFERROR(E7/E$10,0) -> 0.11072475
A16: 북구 | B16: =IFERROR(B8/B$10,0) -> 0.16628548 | C16: =IFERROR(C8/C$10,0) -> 0.16953439 | D16: =IFERROR(D8/D$10,0) -> 0.15499157 | E16: =IFERROR(E8/E$10,0) -> 0.16298919
A17: 울주군 | B17: =IFERROR(B9/B$10,0) -> 0.22781548 | C17: =IFERROR(C9/C$10,0) -> 0.19463499 | D17: =IFERROR(D9/D$10,0) -> 0.20916838 | E17: =IFERROR(E9/E$10,0) -> 0.20117595
A19: ※ '숙박음식/도소매 비'가 1을 넘으면 소매보다 외식 업소가 많은 소비형 상권입니다.

Sheet 03_인구수
A1: 인구수
A2: 출처: 행정안전부 주민등록 인구통계 2026년 7월 기준 · 단위: 명 / 세대
A4: 지역 | B4: 총 인구수 | C4: 세대수 | D4: 세대당 인구 | E4: 남자 | F4: 여자 | G4: 남여 비율 | H4: 시 대비 비중
A5: 중구 | B5: 202823 | C5: 95161 | D5: =IFERROR(B5/C5,0) -> 2.1313668 | E5: 102466 | F5: 100357 | G5: =IFERROR(E5/F5,0) -> 1.021015 | H5: =IFERROR(B5/$B$10,0) -> 0.18663159
A6: 남구 | B6: 304418 | C6: 144188 | D6: =IFERROR(B6/C6,0) -> 2.1112575 | E6: 155903 | F6: 148515 | G6: =IFERROR(E6/F6,0) -> 1.0497458 | H6: =IFERROR(B6/$B$10,0) -> 0.28011624
A7: 동구 | B7: 147633 | C7: 68499 | D7: =IFERROR(B7/C7,0) -> 2.1552577 | E7: 77339 | F7: 70294 | G7: =IFERROR(E7/F7,0) -> 1.1002219 | H7: =IFERROR(B7/$B$10,0) -> 0.13584742
A8: 북구 | B8: 213512 | C8: 90458 | D8: =IFERROR(B8/C8,0) -> 2.360344 | E8: 111207 | F8: 102305 | G8: =IFERROR(E8/F8,0) -> 1.0870143 | H8: =IFERROR(B8/$B$10,0) -> 0.19646728
A9: 울주군 | B9: 218370 | C9: 103631 | D9: =IFERROR(B9/C9,0) -> 2.107188 | E9: 113375 | F9: 104995 | G9: =IFERROR(E9/F9,0) -> 1.0798133 | H9: =IFERROR(B9/$B$10,0) -> 0.20093747
A10: 울산광역시 | B10: =SUM(B5:B9) -> 1086756 | C10: =SUM(C5:C9) -> 501937 | D10: =IFERROR(B10/C10,0) -> 2.1651243 | E10: =SUM(E5:E9) -> 560290 | F10: =SUM(F5:F9) -> 526466 | G10: =IFERROR(E10/F10,0) -> 1.0642473 | H10: =IFERROR(B10/$B$10,0) -> 1
A12: ※ 울산은 남여 비율이 1.06으로 전국 평균(0.99)보다 높습니다. 중공업 종사 남성 인구가 많은 산업도시 특성입니다.

Sheet 04_가게생존율
A1: 신생기업 생존율
A2: 출처: KOSIS 기업생멸행정통계 DT_6BD1102 · 시도 단위만 공표되어 구·군별 값은 존재하지 않음
A4: 지역 | B4: 기준연도 | C4: 1년 생존율 | D4: 2년 | E4: 3년 | F4: 4년 | G4: 5년 | H4: 6년 | I4: 7년
A5: 울산광역시 | B5: 2022 | C5: 0.645 | D5: 0.516 | E5: 0.443 | F5: 0.374 | G5: 0.313 | H5: 0.282 | I5: 0.246
A6: 울산광역시 | B6: 2023 | C6: 0.636 | D6: 0.532 | E6: 0.437 | F6: 0.381 | G6: 0.331 | H6: 0.282 | I6: 0.255
A7: 전국 | B7: 2022 | C7: 0.649 | D7: 0.536 | E7: 0.469 | F7: 0.41 | G7: 0.348 | H7: 0.31 | I7: 0.278
A8: 전국 | B8: 2023 | C8: 0.644 | D8: 0.54 | E8: 0.459 | F8: 0.41 | G8: 0.364 | H8: 0.313 | I8: 0.282
A9: 울산 - 전국 격차 | B9: 2023 | C9: =C6-C8 -> -0.008 | D9: =D6-D8 -> -0.008 | E9: =E6-E8 -> -0.022 | F9: =F6-F8 -> -0.029 | G9: =G6-G8 -> -0.033 | H9: =H6-H8 -> -0.031 | I9: =I6-I8 -> -0.027
A11: ※ 울산 신생기업은 1~7년 전 구간에서 전국 평균을 밑돕니다. 특히 5년 생존율 격차가 가장 큽니다.
A12: ※ 신규 창업 시 3~5년차 자금 계획을 전국 기준보다 보수적으로 잡을 필요가 있습니다.

Sheet 05_개업가게수
A1: 개업가게수 (신생기업 수)
A2: 출처: KOSIS 기업생멸행정통계 DT_6BD1132 · 단위: 개
A4: 지역 | B4: 업종 | C4: 2023년 | D4: 2024년 | E4: 23→24 증감 | F4: 2023 신생률 | G4: 2024 신생률
A5: 중구 | B5: 전체 | C5: 2720 | D5: 2512 | E5: =D5-C5 -> -208 | F5: 0.118 | G5: 0.109
A6: 중구 | B6: 도매 및 소매업 | C6: 644 | D6: 561 | E6: =D6-C6 -> -83 | F6: 0.126 | G6: 0.113
A7: 중구 | B7: 숙박 및 음식점업 | C7: 558 | D7: 515 | E7: =D7-C7 -> -43 | F7: 0.159 | G7: 0.149
A8: 남구 | B8: 전체 | C8: 5488 | D8: 5004 | E8: =D8-C8 -> -484 | F8: 0.119 | G8: 0.109
A9: 남구 | B9: 도매 및 소매업 | C9: 1264 | D9: 1046 | E9: =D9-C9 -> -218 | F9: 0.134 | G9: 0.115
A10: 남구 | B10: 숙박 및 음식점업 | C10: 1276 | D10: 1107 | E10: =D10-C10 -> -169 | F10: 0.168 | G10: 0.15
A11: 동구 | B11: 전체 | C11: 1938 | D11: 1753 | E11: =D11-C11 -> -185 | F11: 0.153 | G11: 0.138
A12: 동구 | B12: 도매 및 소매업 | C12: 394 | D12: 361 | E12: =D12-C12 -> -33 | F12: 0.153 | G12: 0.144
A13: 동구 | B13: 숙박 및 음식점업 | C13: 414 | D13: 390 | E13: =D13-C13 -> -24 | F13: 0.149 | G13: 0.142
A14: 북구 | B14: 전체 | C14: 3062 | D14: 2533 | E14: =D14-C14 -> -529 | F14: 0.136 | G14: 0.113
A15: 북구 | B15: 도매 및 소매업 | C15: 903 | D15: 520 | E15: =D15-C15 -> -383 | F15: 0.19 | G15: 0.118
A16: 북구 | B16: 숙박 및 음식점업 | C16: 604 | D16: 492 | E16: =D16-C16 -> -112 | F16: 0.18 | G16: 0.149
... A22: 울산광역시 | B22: 숙박 및 음식점업 | C22: 3564 | D22: 3160 | E22: =D22-C22 -> -404 | F22: 0.164 | G22: 0.148
A24: ※ 울산 전체 신생기업은 2023년 16,692개에서 2024년 15,274개로 8.5% 감소했습니다. 신규 진입이 위축되는 국면입니다.

Sheet 06_폐업가게수
A1: 폐업가게수 (소멸기업 수)
A2: 출처: KOSIS 기업생멸행정통계 DT_6BD1132 · 소멸기업은 확정에 1년이 더 걸려 2024년은 미공표
A4: 지역 | B4: 업종 | C4: 2023년 | D4: 2023 소멸률 | E4: 2023 순증(신생-소멸) | F4: 2023 활력도(신생률-소멸률)
A5: 중구 | B5: 전체 | C5: 2436 | D5: 0.106 | E5: ='05_개업가게수'!C5-C5 -> 284 | F5: ='05_개업가게수'!F5-D5 -> 0.012
A6: 중구 | B6: 도매 및 소매업 | C6: 655 | D6: 0.128 | E6: ='05_개업가게수'!C6-C6 -> -11 | F6: ='05_개업가게수'!F6-D6 -> -0.002
A7: 중구 | B7: 숙박 및 음식점업 | C7: 518 | D7: 0.147 | E7: ='05_개업가게수'!C7-C7 -> 40 | F7: ='05_개업가게수'!F7-D7 -> 0.012
A8: 남구 | B8: 전체 | C8: 4991 | D8: 0.108 | E8: ='05_개업가게수'!C8-C8 -> 497 | F8: ='05_개업가게수'!F8-D8 -> 0.011
A9: 남구 | B9: 도매 및 소매업 | C9: 1261 | D9: 0.134 | E9: ='05_개업가게수'!C9-C9 -> 3 | F9: ='05_개업가게수'!F9-D9 -> 0
A10: 남구 | B10: 숙박 및 음식점업 | C10: 1209 | D10: 0.159 | E10: ='05_개업가게수'!C10-C10 -> 67 | F10: ='05_개업가게수'!F10-D10 -> 0.009
A11: 동구 | B11: 전체 | C11: 1688 | D11: 0.133 | E11: ='05_개업가게수'!C11-C11 -> 250 | F11: ='05_개업가게수'!F11-D11 -> 0.02
A12: 동구 | B12: 도매 및 소매업 | C12: 393 | D12: 0.153 | E12: ='05_개업가게수'!C12-C12 -> 1 | F12: ='05_개업가게수'!F12-D12 -> 0
A13: 동구 | B13: 숙박 및 음식점업 | C13: 381 | D13: 0.137 | E13: ='05_개업가게수'!C13-C13 -> 33 | F13: ='05_개업가게수'!F13-D13 -> 0.012
A14: 북구 | B14: 전체 | C14: 2464 | D14: 0.11 | E14: ='05_개업가게수'!C14-C14 -> 598 | F14: ='05_개업가게수'!F14-D14 -> 0.026
A15: 북구 | B15: 도매 및 소매업 | C15: 768 | D15: 0.162 | E15: ='05_개업가게수'!C15-C15 -> 135 | F15: ='05_개업가게수'!F15-D15 -> 0.028
A16: 북구 | B16: 숙박 및 음식점업 | C16: 487 | D16: 0.145 | E16: ='05_개업가게수'!C16-C16 -> 117 | F16: ='05_개업가게수'!F16-D16 -> 0.035
... A22: 울산광역시 | B22: 숙박 및 음식점업 | C22: 3249 | D22: 0.149 | E22: ='05_개업가게수'!C22-C22 -> 315 | F22: ='05_개업가게수'!F22-D22 -> 0.015
A24: ※ 활력도는 2023년 신생률 - 2023년 소멸률(동일 연도)입니다. (+)면 진입이 퇴출보다 활발한 확장 국면입니다.

Sheet 07_업종구조
A1: 울산 업종구조 (산업대분류 19개 × 5개 구·군)
A2: 활동기업 수는 2024년, 신생률·소멸률·활력도는 울산광역시 2023년 기준 · 단위: 개
A4: 산업대분류 | B4: 울산 전체 | C4: 구성비 | D4: 중구 | E4: 남구 | F4: 동구 | G4: 북구 | H4: 울주군 | I4: 울산 2023 신생률 | J4: 울산 2023 소멸률 | K4: 울산 2023 활력도
A5: 전체 | B5: 134666 | C5: =IFERROR(B5/$B$5,0) -> 1 | D5: 22967 | E5: 45936 | F5: 12691 | G5: 22393 | H5: 30679 | I5: 0.124 | J5: 0.108 | K5: =I5-J5 -> 0.016
A6: 농업, 임업 및 어업 | B6: 649 | C6: =IFERROR(B6/$B$5,0) -> 0.0048193308 | D6: 29 | E6: 29 | F6: 104 | G6: 132 | H6: 355 | I6: 0.16 | J6: 0.104 | K6: =I6-J6 -> 0.056
A7: 광업 | B7: 10 | C7: =IFERROR(B7/$B$5,0) -> 7.4257793e-05 | D7: 1 | E7: 2 | F7: - | G7: - | H7: 7 | I7: 0 | J7: - | K7: -
A8: 제조업 | B8: 10108 | C8: =IFERROR(B8/$B$5,0) -> 0.075059778 | D8: 1121 | E8: 1897 | F8: 881 | G8: 2270 | H8: 3939 | I8: 0.098 | J8: 0.086 | K8: =I8-J8 -> 0.012
A9: 전기, 가스, 증기 및 공기조절 공급업 | B9: 422 | C9: =IFERROR(B9/$B$5,0) -> 0.0031336789 | D9: 23 | E9: 61 | F9: 22 | G9: 59 | H9: 257 | I9: 0.137 | J9: 0.038 | K9: =I9-J9 -> 0.099
A10: 수도, 하수 및 폐기물처리, 원료재생업 | B10: 278 | C10: =IFERROR(B10/$B$5,0) -> 0.0020643667 | D10: 24 | E10: 81 | F10: 15 | G10: 30 | H10: 128 | I10: 0.047 | J10: 0.05 | K10: =I10-J10 -> -0.003
A11: 건설업 | B11: 10733 | C11: =IFERROR(B11/$B$5,0) -> 0.07970089 | D11: 2208 | E11: 4037 | F11: 556 | G11: 1076 | H11: 2856 | I11: 0.096 | J11: 0.071 | K11: =I11-J11 -> 0.025
A12: 도매 및 소매업 | B12: 26095 | C12: =IFERROR(B12/$B$5,0) -> 0.19377571 | D12: 4967 | E12: 9117 | F12: 2508 | G12: 4424 | H12: 5079 | I12: 0.143 | J12: 0.138 | K12: =I12-J12 -> 0.005
A13: 운수 및 창고업 | B13: 13993 | C13: =IFERROR(B13/$B$5,0) -> 0.10390893 | D13: 2161 | E13: 4236 | F13: 860 | G13: 2344 | H13: 4392 | I13: 0.074 | J13: 0.062 | K13: =I13-J13 -> 0.012
A14: 숙박 및 음식점업 | B14: 21356 | C14: =IFERROR(B14/$B$5,0) -> 0.15858494 | D14: 3450 | E14: 7383 | F14: 2746 | G14: 3310 | H14: 4467 | I14: 0.164 | J14: 0.149 | K14: =I14-J14 -> 0.015
A15: 정보통신업 | B15: 878 | C15: =IFERROR(B15/$B$5,0) -> 0.0065198343 | D15: 220 | E15: 310 | F15: 69 | G15: 102 | H15: 177 | I15: 0.175 | J15: 0.137 | K15: =I15-J15 -> 0.038
A16: 금융 및 보험업 | B16: 302 | C16: =IFERROR(B16/$B$5,0) -> 0.0022425854 | D16: 15 | E16: 206 | F16: 22 | G16: 35 | H16: 24 | I16: 0.154 | J16: 0.131 | K16: =I16-J16 -> 0.023
A17: 부동산업 | B17: 25406 | C17: =IFERROR(B17/$B$5,0) -> 0.18865935 | D17: 4420 | E17: 9313 | F17: 2410 | G17: 4572 | H17: 4691 | I17: 0.102 | J17: 0.092 | K17: =I17-J17 -> 0.01
A18: 전문과학기술서비스업 | B18: 3546 | C18: =IFERROR(B18/$B$5,0) -> 0.026331814 | D18: 636 | E18: 1616 | F18: 243 | G18: 475 | H18: 576 | I18: 0.147 | J18: 0.094 | K18: =I18-J18 -> 0.053
A19: 사업시설관리, 사업지원 및 임대 서비스업 | B19: 3158 | C19: =IFERROR(B19/$B$5,0) -> 0.023450611 | D19: 550 | E19: 1068 | F19: 272 | G19: 472 | H19: 796 | I19: 0.161 | J19: 0.132 | K19: =I19-J19 -> 0.029
... A23: 협회 및 단체, 수리 및 기타 개인서비스업 | B23: 8317 | C23: =IFERROR(B23/$B$5,0) -> 0.061760207 | D23: 1513 | E23: 3113 | F23: 923 | G23: 1379 | H23: 1389 | I23: 0.13 | J23: 0.098 | K23: =I23-J23 -> 0.032
A24: 구·군 합계 검증 | B24: =SUM(D5:H5) -> 134666 | C24: =IF(B24=B5,"일치","불일치") -> 일치
A26: ※ 노란 행은 상권 핵심 업종입니다. 울산은 제조업(10,108)·건설업(10,733)·운수창고업(13,993) 비중이 커 산업도시 구조가 뚜렷합니다.
A27: ※ 활력도가 가장 낮은 업종은 도매·소매업(+0.5%p)과 숙박·음식점업(+1.5%p)으로, 상권 핵심 업종의 회전율이 높습니다.

Sheet 08_연령대별 소비스타일
A1: 소비 스타일 | B1: 20대 | C1: 30대 | D1: 40대 | E1: 50대 | F1: 60대 | G1: Total
A2: 플렉스와 짠테크 소비 구분 | B2: 11.5 | C2: 13.1 | D2: 13.2 | E2: 14.2 | F2: 11.4 | G2: 63.4
A3: 외식장소 찾을 때 무조건 SNS 검색 | B3: 12.9 | C3: 11.5 | D3: 10.9 | E3: 11.8 | F3: 11.4 | G3: 58.5
A4: 음식점에서 대면보다 키오스크 등 비대면 선호 | B4: 12.5 | C4: 12.7 | D4: 13.2 | E4: 9.3 | F4: 7.3 | G4: 55
A5: 재래시장의 핫한 메뉴 찾아 다니며 즐김 | B5: 4.2 | C5: 7 | D5: 8.1 | E5: 9.9 | F5: 12.6 | G5: 41.8
A6: 음식점/카페는 맛 보다 독특한 경험이 중요 | B6: 6.3 | C6: 5 | D6: 6 | E6: 8.6 | F6: 9.5 | G6: 35.4
A7: 채식, 대체육 등 외식 시 친환경 고려 및 실천 | B7: 3.7 | C7: 3.8 | D7: 4.4 | E7: 5.2 | F7: 8.4 | G7: 25.5
A8: 콜라보레이션 상품에 관심이 높음 | B8: 6.5 | C8: 5 | D8: 4.1 | E8: 4.1 | F8: 4 | G8: 23.7
A9: 외식 시 반드시 사진 촬영해 SNS 업로드 | B9: 6 | C9: 5.6 | D9: 4.4 | E9: 3.5 | F9: 2.9 | G9: 22.4
A10: 취향에 맞는 2~3가지 주류·음료 직접 혼합해서 즐김 | B10: 4.9 | C10: 4.5 | D10: 3.8 | E10: 3.3 | F10: 2.4 | G10: 18.9
A11: 파인다이닝도 가치가 있다면 타 지출 줄여서 방문 | B11: 8.1 | C11: 9.3 | D11: 0.1 | E11: 0.1 | F11: 0.1 | G11: 17.7
A12: 식품, 음식, 주류 등의 정기 구독 서비스 이용 | B12: 3.4 | C12: 2.5 | D12: 3.2 | E12: 2 | F12: 2.9 | G12: 14
A13: SNS 핫플은 무조건 방문 | B13: 4.8 | C13: 2.7 | D13: 1.8 | E13: 2.8 | F13: 1.6 | G13: 13.7
... A19: 모두 해당사항 없음 | B19: 1.4 | C19: 2.7 | D19: 3.5 | E19: 3.1 | F19: 3.1 | G19: 13.8
